"adam.szalkowski@inf.ethz.ch"="Adam Szalkowski <adam.szalkowski@inf.ethz.ch>"
"a-doumoulakis"="a-doumoulakis <anonymous@invalid.net>"
"Alexandre Avenel"="Alexandre Avenel <anonymous@invalid.net>"
"benoitjacob"="Benoit Jacob <benoitjacob@google.com>"
"benoitsteiner"="Benoit Steiner <benoit.steiner.goog@gmail.com>"
"bjornpiltz"="bjornpiltz <anonymous@invalid.net>"
"cgs1019@gmail.com"="cgs1019 <cgs1019@gmail.com>"
"chtz"="Christoph Hertzberg <chtz@informatik.uni-bremen.de>"
"chtz@informatik.uni-bremen.de"="Christoph Hertzberg <chtz@informatik.uni-bremen.de>"
"clusty"="clusty <anonymous@invalid.net>"
"convert-repo"="convert-repo <anonymous@invalid.net>"

"ezhulenev"="Eugene Zhulenev <ezhulenev@google.com>"
"ezhulenev@google.com"="Eugene Zhulenev <ezhulenev@google.com>"
"FlorianGeorge"="Florian George <floriangeorgemail@googlemail.com>"
"Kyle"="Kyle Vedder <kyle.c.vedder@gmail.com>"
"Manuel Yguel"="Manuel Yguel <manuel.yguel@gmail.com>"
"markb@localhost.localdomain"="Mark Borgerding <mark@borgerding.net>"
"Mathieu Gautier"="Mathieu Gautier <mathieu.gautier@cea.fr>"
"Michael Schmidt \<michael.schmidt@mevis.fraunhofer.de\>"="Michael Schmidt <michael.schmidt@mevis.fraunhofer.de>"
"patrikhuber@gmail.com"="Patrik Huber <patrikhuber@gmail.com>"
"Pavel Holoborodko@Advanpix"="Pavel Holoborodko <pavel@holoborodko.com>"
"Jitse@jitse-inspiron.cable.virginmedia.net"="Jitse Niesen <jitse@maths.leeds.ac.uk>"
"Kenneth Riddile <kfriddile AT gmail.com>"="Kenneth Riddile <kfriddile@gmail.com>"
"tim.holy@gmail.com"="Tim Holy <holy@wustl.edu>"
"Joseph Mirabel"="Joseph Mirabel <josephmirabel@gmail.com>"

"Hauke Heibe <hauke.heibel@gmail.com>"="Hauke Heibel <hauke.heibel@gmail.com>"
"heibel@homer"="Hauke Heibel <hauke.heibel@gmail.com>"
"heibel@MONSTER.microdimensions.local"="Hauke Heibel <hauke.heibel@gmail.com>"

"Valentin Roussellet"="Valentin Roussellet <valentin.roussellet@irit.fr>"
"vroussellet <valentin.roussellet@irit.fr>"="Valentin Roussellet <valentin.roussellet@irit.fr>"
"William I. <williami@ENG38693Win7.ad.garmin.com>"="williami@ENG38693Win7.ad.garmin.com"

"Yan Zhou"="Yan Zhou <anonymous@invalid.net>"
"Yi Lin"="Yi Lin <anonymous@invalid.net>"
"Damien R"="Damien R <anonymous@invalid.net>"
"David H. Bailey"="David H. Bailey <anonymous@invalid.net>"
"ermak"="ermak <anonymous@invalid.net>"
"Igor Krivenko"="Igor Krivenko <anonymous@invalid.net>"
"Jan Prach"="Jan Prach <anonymous@invalid.net>"
"Jeff Dean"="Jeff Dean <anonymous@invalid.net>"
"John Tytgat"="John Tytgat <anonymous@invalid.net>"
"Julian Kent"="Julian Kent <anonymous@invalid.net>"
"klimpel"="klimpel <anonymous@invalid.net>"
"kmargar"="kmargar <anonymous@invalid.net>"
"Sven Strothoff"="Sven Strothoff <anonymous@invalid.net>"
"vhuber"="vhuber <anonymous@invalid.net>"

"karturov@KARTUROV-MOBL.ccr.corp.intel.com"="karturov <karturov@KARTUROV-MOBL.ccr.corp.intel.com>"
"kayhman@contact.intra.cea.fr"="kayhman <kayhman@contact.intra.cea.fr>"
"root@pipol8.inrialpes.fr"="root <root@pipol8.inrialpes.fr>"
"jdh8@acer.fedora"="jdh8 <jdh8@acer.fedora>"
"hamelin.philippe@ireq.ca"="hamelin.philippe <hamelin.philippe@ireq.ca>"
"oem@efikamx"="oem <oem@efikamx>"
"tra@google.com"="tra <tra@google.com>"
